"","DV_VA_pc","DV_nfc_ls_pc","DV_hh_ls_pc","IV_lending_pc","IV_gov_exp_pc","IV_trade_balance_pc","IV_fdi_net_pc"
"DV_VA_pc",1,NA,NA,NA,NA,NA,NA
"DV_nfc_ls_pc",0.111585534342336,1,NA,NA,NA,NA,NA
"DV_hh_ls_pc",0.152704241429841,0.627594976269753,1,NA,NA,NA,NA
"IV_lending_pc",0.170543020725337,-0.0581282828482802,-0.00944519410957579,1,NA,NA,NA
"IV_gov_exp_pc",-0.167822360949268,-0.293710536433717,-0.323721201576509,-0.00172735241896036,1,NA,NA
"IV_trade_balance_pc",0.00146852625393598,-0.0322307673369465,0.0255969427866156,0.00589355959991267,-0.00260960823082715,1,NA
"IV_fdi_net_pc",0.0153225598648771,0.000460391395501821,0.0380164163241837,0.00922396167960785,0.00192545891975371,0.022705508039417,1
