"","DV_VA_pc","DV_nfc_ls_pc","DV_hh_ls_pc","IV_lending_pc","IV_gov_exp_pc","IV_trade_balance_pc","IV_fdi_net_pc"
"DV_VA_pc",1,NA,NA,NA,NA,NA,NA
"DV_nfc_ls_pc",0.120429299911586,1,NA,NA,NA,NA,NA
"DV_hh_ls_pc",0.140094229250347,0.606033065812686,1,NA,NA,NA,NA
"IV_lending_pc",-0.00781516674482452,0.0388832942008868,0.015433657495544,1,NA,NA,NA
"IV_gov_exp_pc",0.148365034266723,0.368774955947948,0.424902770521903,-0.0502107449014849,1,NA,NA
"IV_trade_balance_pc",-0.00236941085174604,-0.00749739473512835,-0.0306225857199994,0.00377354105916478,0.0239743190154107,1,NA
"IV_fdi_net_pc",0.0151026316365822,0.0708056142791836,0.161161003669594,0.0225905702724272,-0.00507117807882161,-0.158302266139021,1
