,Value added in financial activities,Nonfinancial corporate debts,Household debts,Government net lending,Government expenditure,Net trade balance,FDI net outflows,Real effective exchange rates,Inflation rate,Broad money,GDP
count,1209.0,1221.0,1221.0,1228.0,1239.0,1209.0,1228.0,1226.0,1239.0,1238.0,1239.0
mean,0.005716251048041209,0.005255307448954444,0.025529408069456635,-0.6507486001554856,0.014058690152893826,0.4209325160041165,1.279169857636832,0.024173206359985027,0.5483740542046447,0.01656121892664958,0.019219763671985524
std,0.0963287993238467,0.08950738536471932,0.3181782321562265,18.888894998719188,0.12958593452522738,12.762270166264306,28.51322195505928,0.6915025492305187,9.126547623348733,0.17567199326947722,0.09695543145475848
min,-0.5753128251265588,-0.853608924585352,-0.9971822003851908,-658.6572057549521,-0.7427931757318484,-84.29379898262847,-138.22705122362504,-0.3996499099762628,-23.887176709143468,-0.9551341734650911,-0.990633592006649
25%,0.0,-0.0023431688077856228,0.0,-0.03166133749777694,-0.017846724366629485,-0.2941176470588235,-0.30800893107270666,-0.021289379238412093,-0.24802041249077822,-0.016291522364127786,0.0
50%,0.0,0.0,0.0,0.0,0.0,0.0,0.0,0.0,0.0,0.007650006441632162,0.021007242834824247
75%,0.008738738970353488,0.027457033989613855,0.037231180535407526,0.0,0.03160606591009052,0.1745301112389721,0.30299240541507927,0.025060253188020354,0.2754800580877612,0.043590174165206275,0.041678969434242985
max,1.151688156643142,0.43632038076075275,10.106812334899226,25.607361390926098,2.3316068376068375,392.5,716.8416919083953,22.35951099306823,292.7430895414584,2.927489911830142,1.4445906526493677
