,Year,C_M2,C_cpi,IV_fdi_outflow,IV_lending,C_gdp,IV_trade_balance,C_REER,DV_VA,DV_nfc_ls,DV_hh_ls,IV_gov_exp,IV_gini,C_wgdp,IV_wgini,C_gdp_log,C_wgdp_log,IV_trade_balance_log
count,39187.0,17425.0,13828.0,23584.0,10528.0,14471.0,21733.0,12689.0,11104.0,14367.0,14394.0,14909.0,5638.0,20722.0,20750.0,14471.0,20722.0,21733.0
mean,1968.7980197514482,54.80807374114282,10.827797731140443,3.9660881862359094,-2.310809617518997,1151019.6672157831,352312963.0635612,106.94463156584446,5.9428310535932996,81.48147991458136,47.826068294536434,31.05003741718277,0.47776229037628587,27700.51163015153,37.41915614457831,12.741497936468944,9.89544045162371,-1.4597910530268914
std,55.71931280246197,37.791753507812494,100.35117779178998,24.868865596931514,4.277159836219384,2514300.716373578,70258940894.40904,80.05051847086223,3.9231234769145598,59.62547408275067,31.0187246715226,16.012730352088294,0.11529630390581487,19346.62913197091,9.442638306382912,1.6024956599125515,0.9507696571023467,21.972547959018573
min,1800.0,2.85740812895541,-7.633931,-89.6167454868916,-32.061638,6644.2007,-761715000000.0,31.343123,1.504824,0.0672509145895017,0.0843218386511081,0.684444,0.1236870391,385.0,12.1,8.801499677983143,5.953243334287785,-27.35883830692369
25%,1956.0,28.7203048605845,1.50152,0.19196859176187675,-4.3192155,129467.1364,-2445300000.0,96.666475,4.0639091,43.0659226095884,23.654153681441,16.924285,0.3931843898,11647.0,30.41,11.771182354942948,9.362803915102651,-21.617433651732796
50%,1992.0,46.5212771974672,2.6,0.980664889017198,-2.4795471,322777.5553,-88386975.5467828,102.33684,4.9107039,71.3675542714036,42.4309866371979,32.2957,0.4548433746,25795.0,35.63,12.684718681671795,10.15793595367875,-18.297235181309304
75%,2008.0,69.2577266311261,4.855558,2.94725271426293,-0.07304011,1167644.3396,7057671650.66232,108.42692,6.5841242,100.796001847331,65.3315177078836,45.3656,0.5438401803249999,40692.0,43.8,13.9704988922325,10.61378679191364,22.67738103953364
max,2020.0,395.672004209046,2947.733,1846.59636559035,18.67137,18915087.2428,357870764281.273,2458.322,29.64303,569.084026917219,139.426458778394,71.8412,0.738630416,191637.0,78.6,16.75547042839919,12.163358236522617,26.603437764545497
